{"cameraMode":{"drawMode":0,"name":"Shaded","section":"Shading Mode"},"sceneLighting":true,"audioPlay":false,"sceneViewState":{"showFog":true,"showMaterialUpdate":false,"showSkybox":true,"showFlares":true,"showImageEffects":true,"showParticleSystems":true},"in2DMode":false,"pivot":{"x":-0.02673470973968506,"y":5.111105918884277,"z":1.044292688369751},"rotation":{"x":0.39014238119125368,"y":-0.5297867655754089,"z":0.2990586757659912,"w":0.6911446452140808},"size":16.707168579101564,"orthographic":false}